Compound,Optimal_Dose,Cost
21,0.6356173052815007,109.65451172774453
42,0.7352542092375733,117.71490515959461
43,0.5803020874783529,105.17963946095453
19,0.571246930487303,104.4470983538241
30,0.5162750342257233,100.0
